{
  "v": "5.7.4",
  "fr": 30,
  "ip": 0,
  "op": 60,
  "w": 500,
  "h": 500,
  "nm": "Simple Badge",
  "ddd": 0,
  "assets": [],
  "layers": [
    {
      "ddd": 0,
      "ind": 1,
      "ty": 4,
      "nm": "Badge Shape",
      "sr": 1,
      "ks": {
        "o": { "a": 0, "k": 100 },
        "r": { "a": 0, "k": 0 },
        "p": { "a": 0, "k": [250, 250, 0] },
        "a": { "a": 0, "k": [0, 0, 0] },
        "s": { "a": 0, "k": [100, 100, 100] }
      },
      "shapes": [
        {
          "ty": "el",
          "p": { "a": 0, "k": [0, 0] },
          "s": { "a": 0, "k": [200, 200] },
          "nm": "Circle",
          "hd": false
        },
        {
          "ty": "fl",
          "c": { "a": 0, "k": [1, 0.8, 0.2, 1] },
          "o": { "a": 0, "k": 100 },
          "nm": "Fill"
        }
      ],
      "ip": 0,
      "op": 60,
      "st": 0,
      "bm": 0
    }
  ]
}
