{
  "v": "5.7.4",
  "fr": 30,
  "ip": 0,
  "op": 60,
  "w": 200,
  "h": 200,
  "nm": "Success Check",
  "ddd": 0,
  "assets": [],
  "layers": [
    {
      "ddd": 0,
      "ind": 1,
      "ty": 4,
      "nm": "Checkmark Shape",
      "sr": 1,
      "ks": {
        "o": { "a": 0, "k": 100 },
        "r": { "a": 0, "k": 0 },
        "p": { "a": 0, "k": [100, 100, 0] },
        "a": { "a": 0, "k": [0, 0, 0] },
        "s": { "a": 0, "k": [100, 100, 100] }
      },
      "shapes": [
        {
          "ty": "sh",
          "ks": {
            "a": 0,
            "k": {
              "i": [],
              "o": [],
              "v": [
                [0, 20],
                [15, 35],
                [40, 0]
              ],
              "c": false
            }
          },
          "nm": "Check Path"
        },
        {
          "ty": "st",
          "c": { "a": 0, "k": [0.2, 1, 0.2, 1] },
          "o": { "a": 0, "k": 100 },
          "w": { "a": 0, "k": 8 },
          "lc": 2,
          "lj": 2,
          "nm": "Stroke"
        }
      ],
      "ip": 0,
      "op": 60,
      "st": 0,
      "bm": 0
    }
  ]
}
